10F	Accessory
10IV	Other
10RY	Other
11IL	Other
20I	Other
20MV	Other
20R	Other
20T	Accessory
23I	Accessory
24FM	Accessory
24I	Accessory
30N	Major
32I	Major
33F	Accessory
43T	Accessory
46IL	Major
46V	Accessory
47A	Major
47V	Major
48ASTQL	Major
48M	Major
48V	Major
50L	Major
50V	Major
53L	Accessory
54ATS	Major
54LM	Major
54V	Major
58E	Accessory
71IL	Other
71TV	Other
73STCADV	Accessory
74P	Accessory
74S	Other
76V	Major
82A	Major
82C	Major
82F	Major
82I	Other
82L	Major
82M	Major
82TS	Major
83D	Accessory
84AC	Major
84V	Major
85V	Other
88D	Accessory
88S	Major
88TG	Major
89VT	Accessory
90M	Major
