40F	NRTI
41I	Other
41L	NRTI
44AD	NRTI
62V	NRTI
65E	NRTI
65N	NRTI
65R	NRTI
67Deletion	NRTI
67GESTH	NRTI
67N	NRTI
68Deletion	NRTI
68G	Other
69Deletion	NRTI
69D	NRTI
69G	NRTI
69N	Other
69SAIE	Other
69Insertion	NRTI
70Deletion	NRTI
70EG	NRTI
70QNST	NRTI
70R	NRTI
74VI	NRTI
75I	NRTI
75M	NRTI
75SA	NRTI
75T	NRTI
77L	NRTI
115F	NRTI
116Y	NRTI
118I	Other
151L	NRTI
151M	NRTI
184VI	NRTI
210W	NRTI
215F	NRTI
215SCDEIVALN	NRTI
215Y	NRTI
219NR	NRTI
219QE	NRTI
219W	NRTI
90I	Other
98G	NNRTI
100I	NNRTI
100V	NNRTI
101E	NNRTI
101H	NNRTI
101NAT	Other
101P	NNRTI
101Q	Other
103EQ	NNRTI
103H	NNRTI
103N	NNRTI
103R	Other
103S	NNRTI
103T	NNRTI
106A	NNRTI
106I	Other
106M	NNRTI
108I	NNRTI
132ML	Other
138A	NNRTI
138K	NNRTI
138QG	NNRTI
138R	NNRTI
179DE	NNRTI
179F	NNRTI
179I	Other
179L	NNRTI
179T	NNRTI
181C	NNRTI
181FSG	NNRTI
181IV	NNRTI
188C	NNRTI
188F	NNRTI
188H	NNRTI
188L	NNRTI
190A	NNRTI
190CTV	NNRTI
190EQ	NNRTI
190S	NNRTI
221Y	NNRTI
225H	NNRTI
227C	NNRTI
227L	NNRTI
230I	NNRTI
230L	NNRTI
236L	NNRTI
238R	Other
238TN	NNRTI
318F	NNRTI
348I	NNRTI
